[
    {
        "_id": 1,
        "link":"https://cdn-factory.marketjs.com/en/mcdonalds-playable-ad/index.html",
        "img": "assets/img/games/game1.png",
        "title": "McDonald's",
        "logo" : "assets/img/logo/mcdonalds.png",
        "played" : 144,
        "timer" : 6000000,
        "iframe_support" : false,
        "about": "McDonald's is an American fast food company, founded in 1940 as a restaurant operated by Richard and Maurice McDonald, in San Bernardino, California, United States. They rechristened their business as a hamburger stand, and later turned the company into a franchise, with the Golden Arches logo being introduced in 1953 at a location in Phoenix, Arizona."
    },
    {
        "_id": 2,
        "link":"http://disney.kraftdigital.de/coco/",
        "img": "assets/img/games/game2.png",
        "title": "Save The Bones",
        "logo" : "assets/img/logo/savethebones.jpg",
        "played" : 231,
        "timer" : 4000000,
        "iframe_support" : false,
        "about": "Lorem ipsum dolor sit amet consectetur adipisicing elit. Quod a aspernatur, eveniet molestiae incidunt unde. Ipsam molestiae perspiciatis corporis nam ipsa non, earum facilis incidunt sit consequatur quos quaerat aliquam?"
    },
    {
        "_id": 3,
        "link":"https://cdn-factory.marketjs.com/en/amazon-playable-ad/index.html",
        "img": "assets/img/games/game3.png",
        "title": "Amazon",
        "logo" : "assets/img/logo/amazon.png",
        "played" : 107,
        "timer" : 3600000,
        "iframe_support" : false,
        "about": "Lorem ipsum dolor sit amet consectetur adipisicing elit. Quod a aspernatur, eveniet molestiae incidunt unde. Ipsam molestiae perspiciatis corporis nam ipsa non, earum facilis incidunt sit consequatur quos quaerat aliquam?"
    },
    {
        "_id": 4,
        "link":"https://cdn-factory.marketjs.com/en/uber-playable-ad/index.html",
        "img": "assets/img/games/game4.png",
        "logo" : "assets/img/logo/uber.jpg",
        "title": "Uber",
        "played" : 116,
        "timer" : 2500000,
        "iframe_support" : false,
        "about": "Lorem ipsum dolor sit amet consectetur adipisicing elit. Quod a aspernatur, eveniet molestiae incidunt unde. Ipsam molestiae perspiciatis corporis nam ipsa non, earum facilis incidunt sit consequatur quos quaerat aliquam?"
    },
    {
        "_id": 5,
        "link":"http://demo.gamewheel.com/stacker/oracle/",
        "img": "assets/img/games/game5.png",
        "logo" : "assets/img/logo/oracle.png",
        "title": "Oracle",
        "played" : 186,
        "timer" : 3600000,
        "iframe_support" : false,
        "about": "Lorem ipsum dolor sit amet consectetur adipisicing elit. Quod a aspernatur, eveniet molestiae incidunt unde. Ipsam molestiae perspiciatis corporis nam ipsa non, earum facilis incidunt sit consequatur quos quaerat aliquam?"
    },
    {
        "_id": 6,
        "link":"https://cdn-factory.marketjs.com/en/carousell-playable-ad/index.html",
        "img": "assets/img/games/game6.png",
        "title": "Carousell",
        "played" : 206,
        "timer" : 6600000,
        "iframe_support" : false,
        "about": "Lorem ipsum dolor sit amet consectetur adipisicing elit. Quod a aspernatur, eveniet molestiae incidunt unde. Ipsam molestiae perspiciatis corporis nam ipsa non, earum facilis incidunt sit consequatur quos quaerat aliquam?"
    },
    {
        "_id": 7,
        "link":"http://demo.gamewheel.com/cases/Cuuura/",
        "img": "assets/img/games/game7.png",
        "title": "Cuuura",
        "played" : 206,
        "timer" : 6600000,
        "iframe_support" : false,
        "about": "Lorem ipsum dolor sit amet consectetur adipisicing elit. Quod a aspernatur, eveniet molestiae incidunt unde. Ipsam molestiae perspiciatis corporis nam ipsa non, earum facilis incidunt sit consequatur quos quaerat aliquam?"

    },
    {
        "_id": 8,
        "link":"http://demo.gamewheel.com/cases/BK_AW/",
        "img": "assets/img/games/game8.png",
        "logo" : "assets/img/logo/burgerking.jpg",
        "title": "Burger King",
        "played" : 206,
        "timer" : 6600000,
        "iframe_support" : false,
        "about": "Lorem ipsum dolor sit amet consectetur adipisicing elit. Quod a aspernatur, eveniet molestiae incidunt unde. Ipsam molestiae perspiciatis corporis nam ipsa non, earum facilis incidunt sit consequatur quos quaerat aliquam?"

    },
    {
        "_id": 9,
        "link":"http://demo.gamewheel.com/cases/BK_AW/",
        "img": "assets/img/games/game9.png",
        "logo" : "assets/img/logo/burgerking.jpg",
        "title": "Burger King Hot Dog",
        "played" : 206,
        "timer" : 6200000,
        "iframe_support" : false,
        "about": "Lorem ipsum dolor sit amet consectetur adipisicing elit. Quod a aspernatur, eveniet molestiae incidunt unde. Ipsam molestiae perspiciatis corporis nam ipsa non, earum facilis incidunt sit consequatur quos quaerat aliquam?"

    },
    {
        "_id": 11,
        "link":"http://play.gamewheel.com/pizzade/catcher/0.5/",
        "img": "assets/img/games/game11.png",
        "title": "Pizza De",
        "iframe_support" : false,
        "about": "Lorem ipsum dolor sit amet consectetur adipisicing elit. Quod a aspernatur, eveniet molestiae incidunt unde. Ipsam molestiae perspiciatis corporis nam ipsa non, earum facilis incidunt sit consequatur quos quaerat aliquam?"

    },
    {
        "_id": 12,
        "link":"http://play.gamewheel.com/foodpanda/catcher/0.1/",
        "img": "assets/img/games/game12.png",
        "logo" : "assets/img/logo/foodpanda.png",
        "title": "Food Panda",
        "played" : 136,
        "timer" : 5200000,
        "iframe_support" : false,
        "about": "Lorem ipsum dolor sit amet consectetur adipisicing elit. Quod a aspernatur, eveniet molestiae incidunt unde. Ipsam molestiae perspiciatis corporis nam ipsa non, earum facilis incidunt sit consequatur quos quaerat aliquam?"

    },
    {
        "_id": 13,
        "link":"http://demo.gamewheel.com/cases/PenaltyKicks/",
        "img": "assets/img/games/game13.png",
        "title": "Pizza De Goal",
        "iframe_support" : false,
        "about": "Lorem ipsum dolor sit amet consectetur adipisicing elit. Quod a aspernatur, eveniet molestiae incidunt unde. Ipsam molestiae perspiciatis corporis nam ipsa non, earum facilis incidunt sit consequatur quos quaerat aliquam?"

    },
    {
        "_id": 15,
        "link":"http://demo.gamewheel.com/clients/USC/climbing/",
        "img": "assets/img/games/game15.jpeg",
        "title": "Urban Sports Club",
        "iframe_support" : false
    },
    {
        "_id": 16,
        "link":"https://preview.codecanyon.net/item/beer-pushing-html5-game/full_screen_preview/16585962?_ga=2.194630702.2055062773.1557145839-186910830.1557145839",
        "img": "assets/img/games/game16.jpeg",
        "title": "Budweiser",
        "iframe_support" : false
    },
    {
        "_id": 17,
        "link":"http://demo.gamewheel.com/collector/airplane/",
        "img": "assets/img/games/game17.jpeg",
        "title": "Airbnb",
        "iframe_support" : false
    },
    {
        "_id": 18,
        "link":"http://demo.livexgames.com/wyngo/card.html",
        "img": "assets/img/games/game18.jpeg",
        "title": "Curve",
        "iframe_support" : false
    }
]