[
    {
        "_id" : 1,
        "img" : "assets/img/gifts/gift1.png"
    },
    {
        "_id" : 2,
        "img" : "assets/img/gifts/gift2.png"
    },
    {
        "_id" : 3,
        "img" : "assets/img/gifts/gift3.png"
    },
    {
        "_id" : 4,
        "img" : "assets/img/gifts/gift4.png"
    },
    {
        "_id" : 5,
        "img" : "assets/img/gifts/gift5.png"
    },
    {
        "_id" : 6,
        "img" : "assets/img/gifts/gift6.png"
    },
    {
        "_id" : 7,
        "img" : "assets/img/gifts/gift7.png"
    }
]