[
    {
        "_id": 1,
        "name": "Charles Wright",
        "img": "assets/img/users/user1.jpg",
        "time" : 1557540485434
    },
    {
        "_id": 2,
        "name": "Ellen Pearson",
        "img": "assets/img/users/user2.jpg",
        "time" : 1557540485434
    },
    {
        "_id": 3,
        "name": "Jimmy Frazier",
        "img": "assets/img/users/user3.jpg",        
        "time" : 1557540485434
    },
    {
        "_id": 4,
        "name": "Ana Flores",
        "img": "assets/img/users/user4.jpg",
        "time" : 1557540485434
    },
    {
        "_id": 5,
        "name": "Teresa Stewart",
        "img": "assets/img/users/user5.jpg",
        "time" : 1557540485434
    },
    {
        "_id": 6,
        "name": "Bryan Thomas",
        "img": "assets/img/users/user6.jpg",
        "time" : 1557540485434
    }
]